23WMR00001|Ali|010101-01-0101|ali@student.tarc.edu.my|0123456789|2|1|RSD2S1G1
23WMR00002|Bali|020202-02-0202|bali@student.tarc.edu.my|0134567892|2|1|RSD2S1G1
23WMR00003|Cali|030303-03-0303|cali@student.tarc.edu.my|0145678923|2|1|RSD2S1G1
23WMR00004|Dali|010203-01-0203|dali@student.tarc.edu.my|0156789234|2|1|RSD2S1G2
23WMR00005|Eali|030201-03-0201|eali@student.tarc.edu.my|0167892345|2|1|RSD2S1G2
23WMR00006|Fali|010203-03-0201|fali@student.tarc.edu.my|0178923456|2|1|RSD2S1G3
23WMR00007|Gali|030203-02-0302|gali@student.tarc.edu.my|0189234567|2|1|RSD2S1G3
23WMR00008|Hali|020302-03-0203|hali@student.tarc.edu.my|0192345678|2|1|RSD2S1G4
